<OpenNI>
	<Licenses>
                <License vendor="PrimeSense" key="0KOIk2JeIBYClPWVnMoRKn5cdY4="/>
		<!-- Add licenses here 
		<License vendor="vendor" key="key"/>
		-->
	</Licenses>
	<Log writeToConsole="true" writeToFile="false">
		<!-- 0 - Verbose, 1 - Info, 2 - Warning, 3 - Error (default) -->
		<LogLevel value="3"/>
		<Masks>
			<Mask name="ALL" on="true"/>
		</Masks>
		<Dumps>
		</Dumps>
	</Log>
	<ProductionNodes>
		<GlobalMirror on="true" />
		<Node type="Device" name="Device1">
		</Node>
		<Node type="Depth" name="Depth1">
			<Configuration>
                                <MapOutputMode xRes="640" yRes="480" FPS="30"/>
 				<Mirror on="true"/>
			</Configuration>
		</Node>
		<Node type="Image" name="Image1" stopOnError="false">
			<Configuration>
                                <MapOutputMode xRes="640" yRes="480" FPS="30"/>
				<Mirror on="true"/>
			</Configuration>
		</Node>
<!--
		<Node type="User" name="User1">
		</Node>
<!-- 
NO SE VA A UTILIZAR -> SE QUITA PARA NO OCUPAR MEMORIA INNECESARIA
		<Node type="Scene" name="Scene1">
		</Node>
--> 
<!--		<Node type="IR" name="InfraRed1"> NO FUNCIONA BIEN
		</Node> -->
<!--		<Node type="Audio" name="Audio1"> NO FUNCIONA BIEN
		</Node> -->
	</ProductionNodes>
</OpenNI>
